-- --------------------------------------------------------
-- 主机:                           localhost
-- 服务器版本:                        8.0.19 - MySQL Community Server - GPL
-- 服务器操作系统:                      Win64
-- HeidiSQL 版本:                  8.2.0.4675
-- --------------------------------------------------------

/*!40101 SET @OLD_CHARACTER_SET_CLIENT=@@CHARACTER_SET_CLIENT */;
/*!40101 SET NAMES utf8 */;
/*!40014 SET @OLD_FOREIGN_KEY_CHECKS=@@FOREIGN_KEY_CHECKS, FOREIGN_KEY_CHECKS=0 */;
/*!40101 SET @OLD_SQL_MODE=@@SQL_MODE, SQL_MODE='NO_AUTO_VALUE_ON_ZERO' */;

-- 导出 baomagou 的数据库结构
CREATE DATABASE IF NOT EXISTS `baomagou` /*!40100 DEFAULT CHARACTER SET utf8 */ /*!80016 DEFAULT ENCRYPTION='N' */;
USE `baomagou`;


-- 导出  表 baomagou.bmg_admin_user 结构
CREATE TABLE IF NOT EXISTS `bmg_admin_user` (
  `admin_user_id` int NOT NULL AUTO_INCREMENT COMMENT '管理员id',
  `login_user_name` varchar(50) NOT NULL COMMENT '管理员登陆名称',
  `login_password` varchar(50) NOT NULL COMMENT '管理员登陆密码',
  `nick_name` varchar(50) NOT NULL COMMENT '管理员显示昵称',
  `locked` tinyint DEFAULT '0' COMMENT '是否锁定 0未锁定 1已锁定无法登陆',
  PRIMARY KEY (`admin_user_id`) USING BTREE
) ENGINE=InnoDB AUTO_INCREMENT=2 DEFAULT CHARSET=utf8 ROW_FORMAT=DYNAMIC COMMENT='管理员表';

-- 正在导出表  baomagou.bmg_admin_user 的数据：~0 rows (大约)
/*!40000 ALTER TABLE `bmg_admin_user` DISABLE KEYS */;
INSERT INTO `bmg_admin_user` (`admin_user_id`, `login_user_name`, `login_password`, `nick_name`, `locked`) VALUES
	(1, 'admin', '96e79218965eb72c92a549dd5a330112', '哈哈', 0);
/*!40000 ALTER TABLE `bmg_admin_user` ENABLE KEYS */;


-- 导出  表 baomagou.bmg_carousel 结构
CREATE TABLE IF NOT EXISTS `bmg_carousel` (
  `carousel_id` int NOT NULL AUTO_INCREMENT COMMENT '首页轮播图主键id',
  `carousel_url` varchar(100) NOT NULL DEFAULT '' COMMENT '轮播图',
  `redirect_url` varchar(100) NOT NULL DEFAULT '''##''' COMMENT '点击后的跳转地址(默认不跳转)',
  `carousel_rank` int NOT NULL DEFAULT '0' COMMENT '排序值(字段越大越靠前)',
  `is_deleted` tinyint NOT NULL DEFAULT '0' COMMENT '删除标识字段(0-未删除 1-已删除)',
  `create_time` datetime NOT NULL DEFAULT CURRENT_TIMESTAMP COMMENT '创建时间',
  `create_user` int NOT NULL DEFAULT '0' COMMENT '创建者id',
  `update_time` datetime NOT NULL DEFAULT CURRENT_TIMESTAMP COMMENT '修改时间',
  `update_user` int NOT NULL DEFAULT '0' COMMENT '修改者id',
  PRIMARY KEY (`carousel_id`) USING BTREE
) ENGINE=InnoDB AUTO_INCREMENT=24 DEFAULT CHARSET=utf8 ROW_FORMAT=DYNAMIC COMMENT='轮播图表';

-- 正在导出表  baomagou.bmg_carousel 的数据：~3 rows (大约)
/*!40000 ALTER TABLE `bmg_carousel` DISABLE KEYS */;
INSERT INTO `bmg_carousel` (`carousel_id`, `carousel_url`, `redirect_url`, `carousel_rank`, `is_deleted`, `create_time`, `create_user`, `update_time`, `update_user`) VALUES
	(21, 'http://bmg.com:8080/upload/20200421_15415640.jpg', '/search?goodsCategoryId=107', 3, 0, '2020-04-21 15:42:51', 0, '2020-04-21 15:42:51', 0),
	(22, 'http://bmg.com:8080/upload/20200421_15431185.jpg', '/search?goodsCategoryId=34', 5, 0, '2020-04-21 15:43:33', 0, '2020-05-29 11:38:02', 0),
	(23, 'http://bmg.com:8080/upload/20200421_15441130.jpg', '/search?goodsCategoryId=31', 1, 0, '2020-04-21 15:44:20', 0, '2020-04-21 15:44:20', 0);
/*!40000 ALTER TABLE `bmg_carousel` ENABLE KEYS */;


-- 导出  表 baomagou.bmg_goods_category 结构
CREATE TABLE IF NOT EXISTS `bmg_goods_category` (
  `category_id` bigint NOT NULL AUTO_INCREMENT COMMENT '分类id',
  `category_level` tinyint NOT NULL DEFAULT '0' COMMENT '分类级别(1-一级分类 2-二级分类 3-三级分类)',
  `parent_id` bigint NOT NULL DEFAULT '0' COMMENT '父分类id',
  `category_name` varchar(50) NOT NULL DEFAULT '' COMMENT '分类名称',
  `category_rank` int NOT NULL DEFAULT '0' COMMENT '排序值(字段越大越靠前)',
  `is_deleted` tinyint NOT NULL DEFAULT '0' COMMENT '删除标识字段(0-未删除 1-已删除)',
  `create_time` datetime NOT NULL DEFAULT CURRENT_TIMESTAMP COMMENT '创建时间',
  `create_user` int NOT NULL DEFAULT '0' COMMENT '创建者id',
  `update_time` datetime NOT NULL DEFAULT CURRENT_TIMESTAMP COMMENT '修改时间',
  `update_user` int DEFAULT '0' COMMENT '修改者id',
  PRIMARY KEY (`category_id`) USING BTREE
) ENGINE=InnoDB AUTO_INCREMENT=137 DEFAULT CHARSET=utf8 ROW_FORMAT=DYNAMIC COMMENT='商品类别表';

-- 正在导出表  baomagou.bmg_goods_category 的数据：~104 rows (大约)
/*!40000 ALTER TABLE `bmg_goods_category` DISABLE KEYS */;
INSERT INTO `bmg_goods_category` (`category_id`, `category_level`, `parent_id`, `category_name`, `category_rank`, `is_deleted`, `create_time`, `create_user`, `update_time`, `update_user`) VALUES
	(15, 1, 0, '奶粉辅食', 100, 0, '2020-02-11 18:45:40', 0, '2020-03-01 22:09:46', 0),
	(16, 1, 0, '纸尿裤', 99, 0, '2020-02-11 18:46:07', 0, '2020-03-01 22:09:56', 0),
	(17, 2, 15, '奶粉', 10, 0, '2020-02-11 18:46:32', 0, '2020-03-01 22:13:04', 0),
	(18, 2, 15, '辅食', 9, 0, '2020-02-11 18:46:43', 0, '2020-03-01 22:13:12', 0),
	(19, 2, 15, '营养品', 8, 0, '2020-02-11 18:46:52', 0, '2020-03-01 22:13:26', 0),
	(21, 3, 17, '益力健', 0, 0, '2020-02-11 18:47:49', 0, '2020-03-01 22:16:05', 0),
	(22, 3, 17, '益生菌', 0, 0, '2020-02-11 18:47:58', 0, '2020-03-01 22:15:48', 0),
	(23, 3, 17, '小安素', 0, 0, '2020-02-11 18:48:06', 0, '2020-03-01 22:15:37', 0),
	(24, 3, 17, '亨氏奶粉', 0, 0, '2020-02-11 18:48:12', 0, '2020-03-01 22:15:24', 0),
	(25, 3, 17, '四段奶粉', 0, 0, '2020-02-11 18:48:26', 0, '2020-03-01 22:15:04', 0),
	(26, 3, 17, '雀巢奶粉', 0, 0, '2020-02-11 18:48:40', 0, '2020-03-01 22:14:50', 0),
	(27, 3, 17, '美素佳儿', 0, 0, '2020-02-11 18:48:50', 0, '2020-03-01 22:14:36', 0),
	(28, 3, 17, '三段奶粉', 0, 0, '2020-02-11 18:48:57', 0, '2020-03-01 22:14:28', 0),
	(29, 3, 17, '进口奶粉', 0, 0, '2020-02-11 18:49:09', 0, '2020-03-01 22:14:15', 0),
	(31, 3, 17, '奶粉', 100, 0, '2020-02-11 18:49:30', 0, '2020-03-01 22:14:02', 0),
	(32, 3, 18, '米粉', 0, 0, '2020-02-11 18:49:50', 0, '2020-02-11 18:49:50', 0),
	(33, 3, 18, '肉松', 0, 0, '2020-02-11 18:49:55', 0, '2020-02-11 18:49:55', 0),
	(34, 3, 18, '儿童面食', 0, 0, '2020-02-11 18:50:08', 0, '2020-02-11 18:50:08', 0),
	(35, 3, 18, '儿童饼干', 0, 0, '2020-02-11 18:50:24', 0, '2020-02-11 18:50:24', 0),
	(44, 3, 19, 'DHA', 89, 0, '2020-02-11 18:53:49', 0, '2020-02-11 18:54:38', 0),
	(45, 3, 19, '营养素', 99, 0, '2020-02-11 18:53:59', 0, '2020-02-18 13:40:59', 0),
	(46, 3, 19, '免疫类', 98, 0, '2020-02-11 18:54:20', 0, '2020-02-18 13:40:51', 0),
	(47, 3, 19, '调节肠胃', 88, 0, '2020-02-11 18:54:49', 0, '2020-02-18 13:40:32', 0),
	(48, 3, 19, '钙铁锌', 79, 0, '2020-02-11 18:55:03', 0, '2020-02-11 18:55:13', 0),
	(49, 3, 19, '维生素', 97, 0, '2020-02-11 18:55:22', 0, '2020-02-11 18:55:22', 0),
	(50, 3, 19, '鱼肝油', 0, 0, '2020-02-11 18:55:32', 0, '2020-02-11 18:55:32', 0),
	(51, 3, 19, '牛初乳', 0, 0, '2020-02-11 18:55:52', 0, '2020-02-11 18:55:52', 0),
	(59, 1, 0, '儿童玩具', 97, 0, '2020-02-12 00:08:46', 0, '2020-03-01 22:10:16', 0),
	(60, 1, 0, '车床座椅', 96, 0, '2020-02-12 00:09:00', 0, '2020-03-01 22:10:45', 0),
	(61, 1, 0, '洗护用品', 98, 0, '2020-02-12 00:09:27', 0, '2020-03-01 22:10:06', 0),
	(62, 1, 0, '童装童鞋', 94, 0, '2020-02-12 00:09:51', 0, '2020-03-01 22:11:00', 0),
	(63, 1, 0, '儿童图书', 93, 0, '2020-02-12 00:10:07', 0, '2020-03-01 22:11:12', 0),
	(64, 1, 0, '母婴服务', 92, 0, '2020-02-12 00:10:35', 0, '2020-03-01 22:11:33', 0),
	(66, 1, 0, '其他产品', 91, 0, '2020-02-12 00:11:30', 0, '2020-03-01 22:12:15', 0),
	(67, 2, 16, '纸尿裤', 10, 0, '2020-02-12 00:15:19', 0, '2020-03-01 22:17:46', 0),
	(68, 2, 16, '婴儿湿巾', 9, 0, '2020-02-12 00:15:28', 0, '2020-03-01 22:18:58', 0),
	(69, 2, 16, '拉拉裤', 8, 0, '2020-02-12 00:15:35', 0, '2020-03-01 22:19:09', 0),
	(70, 2, 61, '母婴洗护用品', 10, 0, '2020-02-12 00:20:22', 0, '2020-03-01 22:19:30', 0),
	(71, 2, 61, '孕婴童用具', 9, 0, '2020-02-12 00:20:29', 0, '2020-03-01 22:20:11', 0),
	(72, 2, 61, '其他', 8, 0, '2020-02-12 00:20:35', 0, '2020-03-01 22:20:19', 0),
	(73, 2, 59, '婴幼玩具', 10, 0, '2020-02-12 00:20:49', 0, '2020-03-01 22:21:42', 0),
	(74, 2, 59, '遥控玩具', 9, 0, '2020-02-12 00:20:58', 0, '2020-03-01 22:21:52', 0),
	(75, 2, 59, '积木拼插', 8, 0, '2020-02-12 00:21:05', 0, '2020-03-01 22:22:04', 0),
	(76, 3, 67, '好奇', 10, 0, '2020-02-12 00:21:55', 0, '2020-03-01 22:18:00', 0),
	(77, 3, 70, '贝亲', 10, 0, '2020-02-12 00:22:21', 0, '2020-03-01 22:19:44', 0),
	(78, 3, 73, '毛绒玩具', 10, 0, '2020-02-12 00:22:42', 0, '2020-03-01 22:22:19', 0),
	(79, 2, 60, '婴儿推车', 10, 0, '2020-02-12 00:23:13', 0, '2020-03-01 22:23:15', 0),
	(80, 2, 60, '安全座椅', 9, 0, '2020-02-12 00:23:21', 0, '2020-03-02 14:10:47', 0),
	(81, 2, 60, '保护椅', 8, 0, '2020-02-12 00:23:27', 0, '2020-03-01 22:23:53', 0),
	(82, 3, 79, '婴儿车', 10, 0, '2020-02-12 00:23:44', 0, '2020-03-01 22:24:09', 0),
	(83, 2, 62, '童装', 10, 0, '2020-02-12 00:23:58', 0, '2020-03-01 22:24:26', 0),
	(84, 2, 62, '童鞋', 9, 0, '2020-02-12 00:24:07', 0, '2020-03-01 22:24:33', 0),
	(85, 2, 62, '婴童内衣', 8, 0, '2020-02-12 00:24:15', 0, '2020-03-01 22:24:45', 0),
	(86, 3, 83, '羽绒服', 10, 0, '2020-02-12 00:24:38', 0, '2020-03-01 22:25:11', 0),
	(87, 2, 63, '0-2岁', 10, 0, '2020-02-12 00:24:56', 0, '2020-03-01 22:27:56', 0),
	(88, 2, 63, '早教启蒙', 9, 0, '2020-02-12 00:25:05', 0, '2020-03-01 22:28:10', 0),
	(89, 2, 63, '孕产育儿', 8, 0, '2020-02-12 00:25:12', 0, '2020-03-01 22:28:19', 0),
	(90, 3, 87, '十万个为什么', 10, 0, '2020-02-12 00:25:45', 0, '2020-03-01 22:28:40', 0),
	(91, 2, 64, '孕妈专区', 10, 0, '2020-02-12 00:26:10', 0, '2020-03-01 22:29:05', 0),
	(92, 2, 64, '亲子摄影', 0, 0, '2020-02-12 00:26:18', 0, '2020-03-02 14:05:34', 0),
	(93, 2, 64, '孕产服务', 8, 0, '2020-02-12 00:26:25', 0, '2020-03-01 22:29:31', 0),
	(94, 3, 91, '孕妇装', 10, 0, '2020-02-12 00:26:40', 0, '2020-03-01 22:29:44', 0),
	(95, 2, 66, '儿童毛巾', 10, 0, '2020-02-12 00:27:09', 0, '2020-03-01 22:30:08', 0),
	(96, 2, 66, '儿童凉席', 9, 0, '2020-02-12 00:27:17', 0, '2020-03-01 22:30:25', 0),
	(97, 2, 66, '孕婴童睡袋', 8, 0, '2020-02-12 00:27:23', 0, '2020-03-01 22:30:38', 0),
	(98, 3, 95, '洁丽雅', 10, 0, '2020-02-12 00:27:48', 0, '2020-03-01 22:30:48', 0),
	(99, 3, 83, '棉服', 0, 0, '2020-02-17 18:24:23', 0, '2020-03-01 22:25:18', 0),
	(100, 3, 83, '儿童毛衣', 0, 0, '2020-02-17 18:24:36', 0, '2020-03-01 22:25:31', 0),
	(101, 3, 83, '儿童外套', 0, 0, '2020-02-17 18:27:04', 0, '2020-03-01 22:25:40', 0),
	(102, 3, 83, '婴童衬衫', 0, 0, '2020-02-17 18:27:19', 0, '2020-03-01 22:26:03', 0),
	(103, 3, 83, '亲子装', 0, 0, '2020-02-17 18:27:24', 0, '2020-03-01 22:26:12', 0),
	(104, 3, 83, '连衣裙', 0, 0, '2020-02-17 18:27:47', 0, '2020-03-01 22:26:27', 0),
	(105, 3, 83, '童装新款', 0, 0, '2020-02-17 18:28:16', 0, '2020-03-01 22:26:38', 0),
	(106, 3, 83, '婴童裤子', 0, 0, '2020-02-17 18:28:21', 0, '2020-03-01 22:27:06', 0),
	(107, 3, 67, '花王', 0, 0, '2020-03-01 22:18:13', 0, '2020-03-01 22:18:13', 0),
	(108, 3, 67, '帮宝适', 1, 0, '2020-03-01 22:18:27', 0, '2020-03-01 22:18:27', 0),
	(109, 3, 70, '子初', 0, 0, '2020-03-01 22:19:53', 0, '2020-03-01 22:19:53', 0),
	(110, 3, 71, '奶瓶', 1, 0, '2020-03-01 22:20:40', 0, '2020-03-01 22:20:40', 0),
	(111, 3, 71, '吸奶器', 2, 0, '2020-03-01 22:20:51', 0, '2020-03-01 22:20:51', 0),
	(112, 3, 71, '硅胶奶嘴', 3, 0, '2020-03-01 22:21:00', 0, '2020-03-01 22:21:00', 0),
	(113, 3, 74, '赛车', 1, 0, '2020-03-01 22:22:32', 0, '2020-03-01 22:22:32', 0),
	(114, 3, 74, '电动玩具', 2, 0, '2020-03-01 22:22:55', 0, '2020-03-01 22:22:55', 0),
	(115, 3, 84, '新款童鞋', 0, 0, '2020-03-01 22:27:24', 0, '2020-03-01 22:27:24', 0),
	(116, 3, 84, '雨鞋', 10, 0, '2020-03-01 22:27:32', 0, '2020-03-01 22:27:32', 0),
	(117, 3, 88, '幼儿启蒙', 0, 0, '2020-03-02 14:02:47', 0, '2020-03-02 14:02:47', 0),
	(118, 3, 88, '绘本', 0, 0, '2020-03-02 14:03:04', 0, '2020-03-02 14:03:04', 0),
	(119, 3, 89, '备孕', 0, 0, '2020-03-02 14:03:33', 0, '2020-03-02 14:03:33', 0),
	(120, 3, 89, '孕产百科', 0, 0, '2020-03-02 14:03:39', 0, '2020-03-02 14:03:39', 0),
	(121, 3, 89, '婴幼儿护理', 0, 0, '2020-03-02 14:03:48', 0, '2020-03-02 14:03:48', 0),
	(122, 3, 87, '小猪佩奇', 0, 0, '2020-03-02 14:04:00', 0, '2020-03-02 14:04:00', 0),
	(123, 3, 85, '内衣裤', 0, 0, '2020-03-02 14:04:36', 0, '2020-03-02 14:04:36', 0),
	(124, 3, 93, '月子餐', 0, 0, '2020-03-02 14:05:16', 0, '2020-03-02 14:05:16', 0),
	(125, 3, 93, '喜饼', 0, 0, '2020-03-02 14:05:23', 0, '2020-03-02 14:05:23', 0),
	(126, 3, 80, '进口', 1, 0, '2020-03-02 14:06:16', 0, '2020-03-02 14:10:55', 0),
	(127, 3, 80, '高性价比', 0, 0, '2020-03-02 14:06:23', 0, '2020-03-02 14:06:23', 0),
	(128, 3, 79, '学步车', 0, 0, '2020-03-02 14:07:03', 0, '2020-03-02 14:07:03', 0),
	(129, 3, 82, '加粗加固', 0, 0, '2020-03-02 14:07:31', 0, '2020-03-02 14:07:31', 0),
	(130, 3, 68, '孕婴湿巾', 0, 0, '2020-03-02 14:08:36', 0, '2020-03-02 14:08:36', 0),
	(131, 3, 68, '湿纸巾', 0, 0, '2020-03-02 14:08:43', 0, '2020-03-02 14:08:43', 0),
	(132, 3, 69, '帮宝适拉拉裤', 0, 0, '2020-03-02 14:09:02', 0, '2020-03-02 14:09:02', 0),
	(133, 3, 69, '好奇成长裤', 0, 0, '2020-03-02 14:09:14', 0, '2020-03-02 14:09:14', 0),
	(134, 3, 75, '积木', 0, 0, '2020-03-02 14:09:53', 0, '2020-03-02 14:09:53', 0),
	(135, 3, 75, '迷宫拼图', 0, 0, '2020-03-02 14:10:08', 0, '2020-03-02 14:10:08', 0),
	(136, 3, 75, '拼插玩具', 0, 0, '2020-03-02 14:10:19', 0, '2020-03-02 14:10:19', 0);
/*!40000 ALTER TABLE `bmg_goods_category` ENABLE KEYS */;


-- 导出  表 baomagou.bmg_goods_info 结构
CREATE TABLE IF NOT EXISTS `bmg_goods_info` (
  `goods_id` bigint unsigned NOT NULL AUTO_INCREMENT COMMENT '商品表主键id',
  `goods_name` varchar(200) NOT NULL DEFAULT '' COMMENT '商品名',
  `goods_intro` varchar(200) NOT NULL DEFAULT '' COMMENT '商品简介',
  `goods_category_id` bigint NOT NULL DEFAULT '0' COMMENT '关联分类id',
  `goods_cover_img` varchar(200) NOT NULL DEFAULT '/admin/dist/img/no-img.png' COMMENT '商品主图',
  `goods_carousel` varchar(500) NOT NULL DEFAULT '/admin/dist/img/no-img.png' COMMENT '商品轮播图',
  `goods_detail_content` text NOT NULL COMMENT '商品详情',
  `original_price` int NOT NULL DEFAULT '1' COMMENT '商品预设价格',
  `selling_price` int NOT NULL DEFAULT '1' COMMENT '商品实际售价',
  `stock_num` int NOT NULL DEFAULT '0' COMMENT '商品库存数量',
  `tag` varchar(20) NOT NULL DEFAULT '' COMMENT '商品标签',
  `goods_sell_status` tinyint NOT NULL DEFAULT '0' COMMENT '商品上架状态 0-下架 1-上架',
  `create_user` int NOT NULL DEFAULT '0' COMMENT '添加者主键id',
  `create_time` datetime NOT NULL DEFAULT CURRENT_TIMESTAMP COMMENT '商品添加时间',
  `update_user` int NOT NULL DEFAULT '0' COMMENT '修改者主键id',
  `update_time` datetime NOT NULL DEFAULT CURRENT_TIMESTAMP COMMENT '商品修改时间',
  PRIMARY KEY (`goods_id`) USING BTREE
) ENGINE=InnoDB AUTO_INCREMENT=10987 DEFAULT CHARSET=utf8 ROW_FORMAT=DYNAMIC COMMENT='商品详情表';

-- 正在导出表  baomagou.bmg_goods_info 的数据：~104 rows (大约)
/*!40000 ALTER TABLE `bmg_goods_info` DISABLE KEYS */;
INSERT INTO `bmg_goods_info` (`goods_id`, `goods_name`, `goods_intro`, `goods_category_id`, `goods_cover_img`, `goods_carousel`, `goods_detail_content`, `original_price`, `selling_price`, `stock_num`, `tag`, `goods_sell_status`, `create_user`, `create_time`, `update_user`, `update_time`) VALUES
	(10180, '汇奇宝 森睿兼容樂高积木儿童拼装昆虫动物海洋玩具男孩子6-14岁塑料小颗粒女孩礼物 昆虫系列-大黄蜂【236颗粒】', '昆虫系列大黄蜂330粒', 134, 'http://bmg.com/g12.jpg', 'http://bmg.com/g12.jpg', '加载中', 200, 200, 1000, '', 0, 0, '2020-03-02 15:23:30', 0, '2020-03-02 15:23:31'),
	(10195, '凤凰儿童自行车男孩女孩童车3-6岁宝宝脚踏车12寸14寸16寸18寸小孩单车', '蓝色（运动版）', 82, 'http://bmg.com/g10.jpg', 'http://bmg.com/g10.jpg', '商品介绍加载中...', 268, 268, 1000, '', 0, 0, '2020-03-02 13:40:22', 0, '2020-03-02 13:40:24'),
	(10233, '惠氏illuma启赋婴儿配方奶粉', '蓝钻启赋1段300克', 31, 'http://bmg.com/g23.jpg', 'http://bmg.com/g23.jpg', '加载中', 179, 179, 999, '', 0, 0, '2020-03-02 15:23:30', 0, '2020-03-02 15:23:31'),
	(10234, '惠氏illuma启赋婴儿配方奶粉', '蓝钻启赋2段300克', 31, 'http://bmg.com/g23.jpg', 'http://bmg.com/g23.jpg', '加载中', 389, 389, 1000, '力推品', 0, 0, '2020-03-02 15:23:30', 0, '2020-03-02 15:23:31'),
	(10235, '惠氏illuma启赋婴儿配方奶粉', '蓝钻启赋3段300克', 31, 'http://bmg.com/g23.jpg', 'http://bmg.com/g23.jpg', '加载中', 326, 326, 1000, '力推品', 0, 0, '2020-03-02 15:23:30', 0, '2020-03-02 15:23:31'),
	(10237, '大S同款雀巢超启能恩3段婴幼儿配方奶粉800克（12-36个月适用） 德国原装进口（原超级能恩3段）', '超启能恩3段800克', 31, 'http://bmg.com/g13.jpg', 'http://bmg.com/g13.jpg', '加载中', 238, 238, 1000, '力推品', 0, 0, '2020-03-02 15:23:30', 0, '2020-03-02 15:23:31'),
	(10284, '飞鹤(FIRMUS) 星飞帆 幼儿配方奶粉 3段（12-36个月适用）', '星飞帆4段 700克', 31, 'http://bmg.com/g9.jpg', 'http://bmg.com/g9.jpg', '商品介绍加载中...', 174, 174, 997, '', 0, 0, '2019-12-18 13:27:13', 0, '2019-12-18 13:27:13'),
	(10285, '飞鹤(FIRMUS) 星飞帆 幼儿配方奶粉 3段（12-36个月适用）', '星飞帆1段 700克', 31, 'http://bmg.com/g9.jpg', 'http://bmg.com/g9.jpg', '商品介绍加载中...', 368, 368, 1000, '', 0, 0, '2019-12-18 13:27:13', 0, '2019-12-18 13:27:13'),
	(10286, '飞鹤(FIRMUS) 星飞帆 幼儿配方奶粉 3段（12-36个月适用）', '星飞帆2段 300克', 31, 'http://bmg.com/g9.jpg', 'http://bmg.com/g9.jpg', '商品介绍加载中...', 115, 115, 1000, '', 0, 0, '2019-12-18 13:27:13', 0, '2019-12-18 13:27:13'),
	(10287, '飞鹤(FIRMUS) 星飞帆 幼儿配方奶粉 3段（12-36个月适用）', '星飞帆3段 300克', 31, 'http://bmg.com/g9.jpg', 'http://bmg.com/g9.jpg', '商品介绍加载中...', 120, 120, 1000, '', 0, 0, '2019-12-18 13:27:13', 0, '2019-12-18 13:27:13'),
	(10288, '飞鹤(FIRMUS) 星飞帆 幼儿配方奶粉 3段（12-36个月适用）', '星飞帆2段 700克', 31, 'http://bmg.com/g9.jpg', 'http://bmg.com/g9.jpg', '商品介绍加载中...', 269, 269, 1000, '', 0, 0, '2019-12-18 13:27:13', 0, '2019-12-18 13:27:13'),
	(10289, '飞鹤(FIRMUS) 星飞帆 幼儿配方奶粉 3段（12-36个月适用）', '星飞帆3段 700克', 31, 'http://bmg.com/g9.jpg', 'http://bmg.com/g9.jpg', '商品介绍加载中...', 269, 269, 1000, '', 0, 0, '2019-12-18 13:27:13', 0, '2019-12-18 13:27:13'),
	(10779, '美素佳儿（Friso）幼儿配方牛奶粉 3段（1-3岁幼儿适用） 罐装（荷兰原装进口）', '3段900克', 31, 'http://bmg.com/g2.jpg', 'http://bmg.com/g2.jpg', '&nbsp; 荷兰原装进口，鲜奶到罐装一次完成', 183, 183, 1000, '最低价', 0, 0, '2019-12-18 13:37:44', 0, '2020-03-16 10:39:04'),
	(10780, '美素佳儿（Friso）幼儿配方牛奶粉 3段（1-3岁幼儿适用） 罐装（荷兰原装进口）', '皇家3段800克', 31, 'http://bmg.com/g2.jpg', 'http://bmg.com/g2.jpg', '商品介绍加载中...', 376, 376, 1000, '', 0, 0, '2019-12-18 13:37:44', 0, '2019-12-18 13:37:44'),
	(10894, '米米智玩 立体尾巴布书早教婴儿撕不烂6-12个月宝宝益智玩具0-1岁', '青青草原款', 134, 'http://bmg.com/g11.jpg', 'http://bmg.com/g11.jpg', '商品介绍加载中...', 29, 29, 999, '', 0, 0, '2019-12-19 23:20:24', 0, '2019-12-19 23:20:24'),
	(10895, '米米智玩 立体尾巴布书早教婴儿撕不烂6-12个月宝宝益智玩具0-1岁', '蓝色海洋款', 134, 'http://bmg.com/g11.jpg', 'http://bmg.com/g11.jpg', '商品介绍加载中...', 29, 29, 1000, '', 0, 0, '2019-12-19 23:20:24', 0, '2019-12-19 23:20:24'),
	(10896, '惠氏illuma启赋婴儿配方奶粉', '蓝钻启赋4段300克', 31, 'http://bmg.com/g23.jpg', 'http://bmg.com/g23.jpg', '加载中', 399, 399, 1000, '', 0, 0, '2020-03-02 15:23:30', 0, '2020-03-02 15:23:31'),
	(10897, '凤凰儿童自行车男孩女孩童车3-6岁宝宝脚踏车12寸14寸16寸18寸小孩单车', '红色（运动版）', 82, 'http://bmg.com/g10.jpg', 'http://bmg.com/g10.jpg', '商品介绍加载中...', 268, 268, 1000, '', 0, 0, '2020-03-02 13:40:22', 0, '2020-03-02 13:40:24'),
	(10898, '凤凰儿童自行车男孩女孩童车3-6岁宝宝脚踏车12寸14寸16寸18寸小孩单车', '黄色（运动版）', 82, 'http://bmg.com/g10.jpg', 'http://bmg.com/g10.jpg', '商品介绍加载中...', 268, 268, 1000, '', 0, 0, '2020-03-02 13:40:22', 0, '2020-03-02 13:40:24'),
	(10899, '凤凰儿童自行车男孩女孩童车3-6岁宝宝脚踏车12寸14寸16寸18寸小孩单车', '绿色（运动版）', 82, 'http://bmg.com/g10.jpg', 'http://bmg.com/g10.jpg', '商品介绍加载中...', 268, 268, 1000, '', 0, 0, '2020-03-02 13:40:22', 0, '2020-03-02 13:40:24'),
	(10900, '凤凰儿童自行车男孩女孩童车3-6岁宝宝脚踏车12寸14寸16寸18寸小孩单车', '黑色（运动版）', 82, 'http://bmg.com/g10.jpg', 'http://bmg.com/g10.jpg', '商品介绍加载中...', 268, 268, 1000, '', 0, 0, '2020-03-02 13:40:22', 0, '2020-03-02 13:40:24'),
	(10901, '凤凰儿童自行车男孩女孩童车3-6岁宝宝脚踏车12寸14寸16寸18寸小孩单车', '黑色（衣架版）', 82, 'http://bmg.com/g10.jpg', 'http://bmg.com/g10.jpg', '商品介绍加载中...', 298, 298, 1000, '', 0, 0, '2020-03-02 13:40:22', 0, '2020-03-02 13:40:24'),
	(10902, '凤凰儿童自行车男孩女孩童车3-6岁宝宝脚踏车12寸14寸16寸18寸小孩单车', '蓝色（衣架版）', 82, 'http://bmg.com/g10.jpg', 'http://bmg.com/g10.jpg', '商品介绍加载中...', 298, 298, 1000, '', 0, 0, '2020-03-02 13:40:22', 0, '2020-03-02 13:40:24'),
	(10903, '凤凰儿童自行车男孩女孩童车3-6岁宝宝脚踏车12寸14寸16寸18寸小孩单车', '红色（衣架版）', 82, 'http://bmg.com/g10.jpg', 'http://bmg.com/g10.jpg', '商品介绍加载中...', 298, 298, 1000, '', 0, 0, '2020-03-02 13:40:22', 0, '2020-03-02 13:40:24'),
	(10904, '大S同款雀巢超启能恩3段婴幼儿配方奶粉800克（12-36个月适用） 德国原装进口（原超级能恩3段）', '超启能恩2段800克', 31, 'http://bmg.com/g13.jpg', 'http://bmg.com/g13.jpg', '加载中', 238, 238, 999, '', 0, 0, '2020-03-02 15:23:30', 0, '2020-03-02 15:23:31'),
	(10905, '大S同款雀巢超启能恩3段婴幼儿配方奶粉800克（12-36个月适用） 德国原装进口（原超级能恩3段）', '超启能恩1段800克', 31, 'http://bmg.com/g13.jpg', 'http://bmg.com/g13.jpg', '加载中', 158, 158, 1000, '', 0, 0, '2020-03-02 15:23:30', 0, '2020-03-02 15:23:31'),
	(10906, '汇奇宝 森睿兼容樂高积木儿童拼装昆虫动物海洋玩具男孩子6-14岁塑料小颗粒女孩礼物 昆虫系列-大黄蜂【236颗粒】', '昆虫系列红蜻蜓330粒', 134, 'http://bmg.com/g12.jpg', 'http://bmg.com/g12.jpg', '加载中', 200, 200, 1000, '', 0, 0, '2020-03-02 15:23:30', 0, '2020-03-02 15:23:31'),
	(10907, '汇奇宝 森睿兼容樂高积木儿童拼装昆虫动物海洋玩具男孩子6-14岁塑料小颗粒女孩礼物 昆虫系列-大黄蜂【236颗粒】', '燕尾蝶330粒', 134, 'http://bmg.com/g12.jpg', 'http://bmg.com/g12.jpg', '加载中', 200, 200, 1000, '', 0, 0, '2020-03-02 15:23:30', 0, '2020-03-02 15:23:31'),
	(10908, '汇奇宝 森睿兼容樂高积木儿童拼装昆虫动物海洋玩具男孩子6-14岁塑料小颗粒女孩礼物 昆虫系列-大黄蜂【236颗粒】', '虎斑蝶260粒', 134, 'http://bmg.com/g12.jpg', 'http://bmg.com/g12.jpg', '加载中', 200, 200, 1000, '', 0, 0, '2020-03-02 15:23:30', 0, '2020-03-02 15:23:31'),
	(10911, '德运(Devondale) 全脂高钙成人奶粉', '全脂', 31, 'http://bmg.com/b2.jpg', 'http://bmg.com/b2.jpg', '商品介绍加载中...', 95, 95, 1000, '', 0, 0, '2019-12-18 13:27:13', 0, '2019-12-18 13:27:13'),
	(10912, '德运(Devondale) 全脂高钙成人奶粉', '脱脂', 31, 'http://bmg.com/b2.jpg', 'http://bmg.com/b2.jpg', '商品介绍加载中...', 95, 95, 1000, '', 0, 0, '2019-12-18 13:27:13', 0, '2019-12-18 13:27:13'),
	(10913, '海外Aptamil 澳洲爱他美金装 婴幼儿配方奶粉', '1段', 31, 'http://bmg.com/b3.jpg', 'http://bmg.com/b3.jpg', '商品介绍加载中...', 135, 135, 1000, '最低价', 0, 0, '2019-12-18 13:27:13', 0, '2019-12-18 13:27:13'),
	(10914, '海外Aptamil 澳洲爱他美金装 婴幼儿配方奶粉', '2段', 31, 'http://bmg.com/b3.jpg', 'http://bmg.com/b3.jpg', '商品介绍加载中...', 135, 135, 1000, '', 0, 0, '2019-12-18 13:27:13', 0, '2019-12-18 13:27:13'),
	(10915, '海外Aptamil 澳洲爱他美金装 婴幼儿配方奶粉', '3段', 31, 'http://bmg.com/b3.jpg', 'http://bmg.com/b3.jpg', '商品介绍加载中...', 135, 135, 1000, '', 0, 0, '2019-12-18 13:27:13', 0, '2019-12-18 13:27:13'),
	(10916, '花王 MERRIES 特大号婴儿拉拉裤 XXL号 XXL26片 15kg以上 日本原装进口', 'L54片(9-14kg)', 107, 'http://bmg.com/b4.jpg', 'http://bmg.com/b4.jpg', '商品介绍加载中...', 69, 69, 999, '', 0, 0, '2019-12-18 13:27:13', 0, '2019-12-18 13:27:13'),
	(10917, '花王 MERRIES 特大号婴儿拉拉裤 XXL号 XXL26片 15kg以上 日本原装进口', 'M64片(6-11kg)', 107, 'http://bmg.com/b4.jpg', 'http://bmg.com/b4.jpg', '商品介绍加载中...', 69, 69, 1000, '', 0, 0, '2019-12-18 13:27:13', 0, '2019-12-18 13:27:13'),
	(10918, '花王 MERRIES 特大号婴儿拉拉裤 XXL号 XXL26片 15kg以上 日本原装进口', 'NB90片(0-5kg)', 107, 'http://bmg.com/b7.jpg', 'http://bmg.com/b7.jpg', '商品介绍加载中...', 69, 69, 1000, '', 0, 0, '2019-12-18 13:27:13', 0, '2019-12-18 13:27:13'),
	(10919, '花王 MERRIES 特大号婴儿拉拉裤 XXL号 XXL26片 15kg以上 日本原装进口', 'S82片(4-8kg)', 107, 'http://bmg.com/b7.jpg', 'http://bmg.com/b7.jpg', '商品介绍加载中...', 69, 69, 1000, '', 0, 0, '2019-12-18 13:27:13', 0, '2019-12-18 13:27:13'),
	(10920, '花王 MERRIES 特大号婴儿拉拉裤 XXL号 XXL26片 15kg以上 日本原装进口', '增量NB96', 107, 'http://bmg.com/b4.jpg', 'http://bmg.com/b4.jpg', '商品介绍加载中...', 69, 69, 1000, '', 0, 0, '2019-12-18 13:27:13', 0, '2019-12-18 13:27:13'),
	(10921, '花王 MERRIES 特大号婴儿拉拉裤 XXL号 XXL26片 15kg以上 日本原装进口', '增量拉拉裤XXL', 107, 'http://bmg.com/b7.jpg', 'http://bmg.com/b7.jpg', '商品介绍加载中...', 69, 69, 1000, '', 0, 0, '2019-12-18 13:27:13', 0, '2019-12-18 13:27:13'),
	(10922, '花王 MERRIES 特大号婴儿拉拉裤 XXL号 XXL26片 15kg以上 日本原装进口', '拉拉裤L男女通用', 107, 'http://bmg.com/b4.jpg', 'http://bmg.com/b4.jpg', '商品介绍加载中...', 69, 69, 1000, '', 0, 0, '2019-12-18 13:27:13', 0, '2019-12-18 13:27:13'),
	(10924, '尤妮佳MOONY 大号纸尿裤拉拉裤L号L44片男(9kg-14kg) 日本原装进口', 'L54片(9-14kg)', 107, 'http://bmg.com/b5.jpg', 'http://bmg.com/b5.jpg', '商品介绍加载中...', 69, 69, 1000, '', 0, 0, '2019-12-18 13:27:13', 0, '2019-12-18 13:27:13'),
	(10925, '尤妮佳MOONY 大号纸尿裤拉拉裤L号L44片男(9kg-14kg) 日本原装进口', 'M64片(6-11kg)', 107, 'http://bmg.com/b5.jpg', 'http://bmg.com/b5.jpg', '商品介绍加载中...', 69, 69, 1000, '', 0, 0, '2019-12-18 13:27:13', 0, '2019-12-18 13:27:13'),
	(10926, '尤妮佳MOONY 大号纸尿裤拉拉裤L号L44片男(9kg-14kg) 日本原装进口', 'NB90片(0-5kg)', 107, 'http://bmg.com/b5.jpg', 'http://bmg.com/b5.jpg', '商品介绍加载中...', 69, 69, 1000, '', 0, 0, '2019-12-18 13:27:13', 0, '2019-12-18 13:27:13'),
	(10927, '尤妮佳MOONY 大号纸尿裤拉拉裤L号L44片男(9kg-14kg) 日本原装进口', 'S82片(4-8kg)', 107, 'http://bmg.com/b5.jpg', 'http://bmg.com/b5.jpg', '商品介绍加载中...', 69, 69, 1000, '', 0, 0, '2019-12-18 13:27:13', 0, '2019-12-18 13:27:13'),
	(10928, '好奇铂金装纸尿裤M码92片 倍柔亲肤中号尿不湿M92', 'L54片(9-14kg)', 107, 'http://bmg.com/b6.jpg', 'http://bmg.com/b6.jpg', '商品介绍加载中...', 69, 69, 1000, '', 0, 0, '2019-12-18 13:27:13', 0, '2019-12-18 13:27:13'),
	(10929, '好奇铂金装纸尿裤M码92片 倍柔亲肤中号尿不湿M92', '中号64片', 107, 'http://bmg.com/b6.jpg', 'http://bmg.com/b6.jpg', '商品介绍加载中...', 69, 69, 1000, '', 0, 0, '2019-12-18 13:27:13', 0, '2019-12-18 13:27:13'),
	(10930, '好奇铂金装纸尿裤M码92片 倍柔亲肤中号尿不湿M92', '小号50片', 107, 'http://bmg.com/b6.jpg', 'http://bmg.com/b6.jpg', '商品介绍加载中...', 69, 69, 1000, '', 0, 0, '2019-12-18 13:27:13', 0, '2019-12-18 13:27:13'),
	(10931, '好奇铂金装纸尿裤M码92片 倍柔亲肤中号尿不湿M92', '初生号84片', 107, 'http://bmg.com/b6.jpg', 'http://bmg.com/b6.jpg', '商品介绍加载中...', 69, 69, 1000, '', 0, 0, '2019-12-18 13:27:13', 0, '2019-12-18 13:27:13'),
	(10932, '花王 MERRIES 特大号婴儿拉拉裤 XXL号 XXL26片 15kg以上 日本原装进口', 'NB90片(0-5kg)', 107, 'http://bmg.com/b4.jpg', 'http://bmg.com/b4.jpg', '商品介绍加载中...', 69, 69, 1000, '', 0, 0, '2019-12-18 13:27:13', 0, '2019-12-18 13:27:13'),
	(10933, '花王 MERRIES 特大号婴儿拉拉裤 XXL号 XXL26片 15kg以上 日本原装进口', 'S82片(4-8kg)', 107, 'http://bmg.com/b4.jpg', 'http://bmg.com/b4.jpg', '商品介绍加载中...', 69, 69, 1000, '', 0, 0, '2019-12-18 13:27:13', 0, '2019-12-18 13:27:13'),
	(10934, '花王 MERRIES 特大号婴儿拉拉裤 XXL号 XXL26片 15kg以上 日本原装进口', '增量拉拉裤XXL', 107, 'http://bmg.com/b4.jpg', 'http://bmg.com/b4.jpg', '商品介绍加载中...', 69, 69, 1000, '', 0, 0, '2019-12-18 13:27:13', 0, '2019-12-18 13:27:13'),
	(10935, '花王 MERRIES 特大号婴儿纸尿裤日本原装进口', 'NB90片(0-5kg)', 107, 'http://bmg.com/b8.jpg', 'http://bmg.com/b8.jpg', '商品介绍加载中...', 69, 69, 1000, '', 0, 0, '2019-12-18 13:27:13', 0, '2019-12-18 13:27:13'),
	(10936, '花王 MERRIES 特大号婴儿拉拉裤 XXL号 XXL26片 15kg以上 日本原装进口', 'S82片(4-8kg)', 107, 'http://bmg.com/b8.jpg', 'http://bmg.com/b8.jpg', '商品介绍加载中...', 69, 69, 1000, '', 0, 0, '2019-12-18 13:27:13', 0, '2019-12-18 13:27:13'),
	(10937, '花王 MERRIES 特大号婴儿拉拉裤 XXL号 XXL26片 15kg以上 日本原装进口', 'L54片(9-14kg)', 107, 'http://bmg.com/b8.jpg', 'http://bmg.com/b8.jpg', '商品介绍加载中...', 69, 69, 1000, '', 0, 0, '2019-12-18 13:27:13', 0, '2019-12-18 13:27:13'),
	(10938, '拉里宝贝Lioniebaby童装2019秋冬新品儿童轻薄羽绒服男女童外穿连帽保暖防风外套粉色满印', '红色', 86, 'http://bmg.com/b9.jpg', 'http://bmg.com/b9.jpg', '商品介绍加载中...', 255, 255, 1000, '', 0, 0, '2019-12-18 13:27:13', 0, '2019-12-18 13:27:13'),
	(10939, '拉里宝贝Lioniebaby童装2019秋冬新品儿童轻薄羽绒服男女童外穿连帽保暖防风外套粉色满印', '粉色', 86, 'http://bmg.com/b9.jpg', 'http://bmg.com/b9.jpg', '商品介绍加载中...', 255, 255, 1000, '', 0, 0, '2019-12-18 13:27:13', 0, '2019-12-18 13:27:13'),
	(10940, '拉里宝贝Lioniebaby童装2019秋冬新品儿童轻薄羽绒服男女童外穿连帽保暖防风外套粉色满印', '蓝色', 86, 'http://bmg.com/b9.jpg', 'http://bmg.com/b9.jpg', '商品介绍加载中...', 255, 255, 999, '', 0, 0, '2019-12-18 13:27:13', 0, '2019-12-18 13:27:13'),
	(10941, '拉里宝贝Lioniebaby童装2019秋冬新品儿童轻薄羽绒服男女童外穿连帽保暖防风外套粉色满印', '黄色', 86, 'http://bmg.com/b9.jpg', 'http://bmg.com/b9.jpg', '商品介绍加载中...', 255, 255, 1000, '', 0, 0, '2019-12-18 13:27:13', 0, '2019-12-18 13:27:13'),
	(10942, '拉里宝贝Lioniebaby童装2019秋冬新品儿童轻薄羽绒服男女童外穿连帽保暖防风外套粉色满印', '黑色', 86, 'http://bmg.com/b9.jpg', 'http://bmg.com/b9.jpg', '商品介绍加载中...', 255, 255, 1000, '', 0, 0, '2019-12-18 13:27:13', 0, '2019-12-18 13:27:13'),
	(10943, '铅笔俱乐部童装轻薄羽绒服男童羽绒服女童羽绒服中大童儿童羽绒服', '红色', 86, 'http://bmg.com/b10.jpg', 'http://bmg.com/b10.jpg', '商品介绍加载中...', 329, 329, 1000, '', 0, 0, '2019-12-18 13:27:13', 0, '2019-12-18 13:27:13'),
	(10944, '铅笔俱乐部童装轻薄羽绒服男童羽绒服女童羽绒服中大童儿童羽绒服', '蓝色', 86, 'http://bmg.com/b10.jpg', 'http://bmg.com/b10.jpg', '商品介绍加载中...', 329, 329, 1000, '', 0, 0, '2019-12-18 13:27:13', 0, '2019-12-18 13:27:13'),
	(10945, '铅笔俱乐部童装轻薄羽绒服男童羽绒服女童羽绒服中大童儿童羽绒服', '黑色', 86, 'http://bmg.com/b10.jpg', 'http://bmg.com/b10.jpg', '商品介绍加载中...', 329, 329, 1000, '', 0, 0, '2019-12-18 13:27:13', 0, '2019-12-18 13:27:13'),
	(10946, '铅笔俱乐部童装轻薄羽绒服男童羽绒服女童羽绒服中大童儿童羽绒服', '粉色', 86, 'http://bmg.com/b10.jpg', 'http://bmg.com/b10.jpg', '商品介绍加载中...', 329, 329, 1000, '', 0, 0, '2019-12-18 13:27:13', 0, '2019-12-18 13:27:13'),
	(10947, '铅笔俱乐部童装轻薄羽绒服男童羽绒服女童羽绒服中大童儿童羽绒服', '橙色', 86, 'http://bmg.com/b10.jpg', 'http://bmg.com/b10.jpg', '商品介绍加载中...', 329, 329, 1000, '', 0, 0, '2019-12-18 13:27:13', 0, '2019-12-18 13:27:13'),
	(10948, '铅笔俱乐部童装轻薄羽绒服男童羽绒服女童羽绒服中大童儿童羽绒服', '藏蓝色', 86, 'http://bmg.com/b10.jpg', 'http://bmg.com/b10.jpg', '商品介绍加载中...', 329, 329, 1000, '', 0, 0, '2019-12-18 13:27:13', 0, '2019-12-18 13:27:13'),
	(10949, '巴拉巴拉女童棉服儿童棉衣童装新款冬装女大童三合一外套加厚', '彩色', 86, 'http://bmg.com/b11.jpg', 'http://bmg.com/b11.jpg', '商品介绍加载中...', 468, 468, 1000, '', 0, 0, '2019-12-18 13:27:13', 0, '2019-12-18 13:27:13'),
	(10950, '巴拉巴拉女童棉服儿童棉衣童装新款冬装女大童三合一外套加厚', '绿色', 86, 'http://bmg.com/b11.jpg', 'http://bmg.com/b11.jpg', '商品介绍加载中...', 468, 468, 1000, '', 0, 0, '2019-12-18 13:27:13', 0, '2019-12-18 13:27:13'),
	(10951, 'BOBDOG HOUSE巴布豆童鞋春秋新款儿童学步鞋男童软底机能鞋女童宝宝鞋B9355', '25码', 115, 'http://bmg.com/b13.jpg', 'http://bmg.com/b13.jpg', '商品详情加载中', 139, 139, 1000, '最低价', 0, 0, '2020-03-02 15:23:30', 0, '2020-03-14 16:08:54'),
	(10952, 'BOBDOG HOUSE巴布豆童鞋春秋新款儿童学步鞋男童软底机能鞋女童宝宝鞋B9355', '26码', 115, 'http://bmg.com/b13.jpg', 'http://bmg.com/b13.jpg', '加载中', 139, 139, 1000, '', 0, 0, '2020-03-02 15:23:30', 0, '2020-03-02 15:23:31'),
	(10953, 'BOBDOG HOUSE巴布豆童鞋春秋新款儿童学步鞋男童软底机能鞋女童宝宝鞋B9355', '27码', 115, 'http://bmg.com/b13.jpg', 'http://bmg.com/b13.jpg', '加载中', 139, 139, 1000, '', 0, 0, '2020-03-02 15:23:30', 0, '2020-03-02 15:23:31'),
	(10954, 'BOBDOG HOUSE巴布豆童鞋春秋新款儿童学步鞋男童软底机能鞋女童宝宝鞋B9355', '28码', 115, 'http://bmg.com/b13.jpg', 'http://bmg.com/b13.jpg', '加载中', 139, 139, 1000, '', 0, 0, '2020-03-02 15:23:30', 0, '2020-03-02 15:23:31'),
	(10955, 'NIKE耐克男女童婴童鞋DYNAMO FREE毛毛虫运动轻质舒适跑步鞋', '28码', 115, 'http://bmg.com/b14.jpg', 'http://bmg.com/b14.jpg', '加载中', 339, 339, 1000, '', 0, 0, '2020-03-02 15:23:30', 0, '2020-03-02 15:23:31'),
	(10956, 'NIKE耐克男女童婴童鞋DYNAMO FREE毛毛虫运动轻质舒适跑步鞋', '29码', 115, 'http://bmg.com/b14.jpg', 'http://bmg.com/b14.jpg', '加载中', 339, 339, 1000, '', 0, 0, '2020-03-02 15:23:30', 0, '2020-03-02 15:23:31'),
	(10957, 'NIKE耐克男女童婴童鞋DYNAMO FREE毛毛虫运动轻质舒适跑步鞋', '30码', 115, 'http://bmg.com/b14.jpg', 'http://bmg.com/b14.jpg', '加载中', 339, 339, 1000, '', 0, 0, '2020-03-02 15:23:30', 0, '2020-03-02 15:23:31'),
	(10958, '神奇绵羊童鞋女公主鞋2020春夏季新款舒适运动鞋韩版时尚运动休闲鞋女童皮面防水小白鞋公主鞋', '粉色30码', 115, 'http://bmg.com/b15.jpg', 'http://bmg.com/b15.jpg', '加载中', 79, 79, 1000, '力推品', 0, 0, '2020-03-02 15:23:30', 0, '2020-03-02 15:23:31'),
	(10959, '神奇绵羊童鞋女公主鞋2020春夏季新款舒适运动鞋韩版时尚运动休闲鞋女童皮面防水小白鞋公主鞋', '黑色30码', 115, 'http://bmg.com/b15.jpg', 'http://bmg.com/b15.jpg', '加载中', 79, 79, 1000, '', 0, 0, '2020-03-02 15:23:30', 0, '2020-03-02 15:23:31'),
	(10960, '神奇绵羊童鞋女公主鞋2020春夏季新款舒适运动鞋韩版时尚运动休闲鞋女童皮面防水小白鞋公主鞋', '粉色28码', 115, 'http://bmg.com/b15.jpg', 'http://bmg.com/b15.jpg', '加载中', 79, 79, 1000, '', 0, 0, '2020-03-02 15:23:30', 0, '2020-03-02 15:23:31'),
	(10961, '神奇绵羊童鞋女公主鞋2020春夏季新款舒适运动鞋韩版时尚运动休闲鞋女童皮面防水小白鞋公主鞋', '金色30码', 115, 'http://bmg.com/b15.jpg', 'http://bmg.com/b15.jpg', '加载中', 79, 79, 1000, '', 0, 0, '2020-03-02 15:23:30', 0, '2020-03-02 15:23:31'),
	(10962, '幼儿园儿童聪明宝宝小手涂色画书绘本学画画本涂鸦绘画本零基础绘本游戏书幼儿涂色绘本启蒙早教书4儿童图画书', '20册', 117, 'http://bmg.com/b17.jpg', 'http://bmg.com/b17.jpg', '商品介绍加载中...', 29, 29, 1000, '', 0, 0, '2019-12-18 13:27:13', 0, '2019-12-18 13:27:13'),
	(10963, '婴幼儿童绘本0-3-6岁 宝宝睡前故事书 幼儿园宝宝启蒙阅读早教小班中班图书籍', '白雪公主', 117, 'http://bmg.com/b18.jpg', 'http://bmg.com/b18.jpg', '商品介绍加载中...', 29, 29, 1000, '', 0, 0, '2019-12-18 13:27:13', 0, '2019-12-18 13:27:13'),
	(10964, '婴幼儿童绘本0-3-6岁 宝宝睡前故事书 幼儿园宝宝启蒙阅读早教小班中班图书籍', '卖火柴的小女孩', 117, 'http://bmg.com/b18.jpg', 'http://bmg.com/b18.jpg', '商品介绍加载中...', 29, 29, 1000, '', 0, 0, '2019-12-18 13:27:13', 0, '2019-12-18 13:27:13'),
	(10965, '婴幼儿童绘本0-3-6岁 宝宝睡前故事书 幼儿园宝宝启蒙阅读早教小班中班图书籍', '三只小猪', 117, 'http://bmg.com/b18.jpg', 'http://bmg.com/b18.jpg', '商品介绍加载中...', 29, 29, 1000, '', 0, 0, '2019-12-18 13:27:13', 0, '2019-12-18 13:27:13'),
	(10966, '婴幼儿童绘本0-3-6岁 宝宝睡前故事书 幼儿园宝宝启蒙阅读早教小班中班图书籍', '父与子', 117, 'http://bmg.com/b18.jpg', 'http://bmg.com/b18.jpg', '商品介绍加载中...', 29, 29, 1000, '新品', 0, 0, '2019-12-18 13:27:13', 0, '2019-12-18 13:27:13'),
	(10967, '贝亲自然实感宽口径玻璃奶瓶', '160mlSS奶嘴(绿色)', 110, 'http://bmg.com/b20.jpg', 'http://bmg.com/b20.jpg', '加载中', 119, 119, 1000, '力推品', 0, 0, '2020-03-02 15:23:30', 0, '2020-03-02 15:23:31'),
	(10968, '贝亲自然实感宽口径硅胶奶嘴', '2个装', 112, 'http://bmg.com/b21.jpg', 'http://bmg.com/b21.jpg', '加载中', 69, 69, 1000, '力推品', 0, 0, '2020-03-02 15:23:30', 0, '2020-03-02 15:23:31'),
	(10969, '新款仿真四轮玩具车工程车挖掘机', '蓝色滑行+电池+灯光', 114, 'http://bmg.com/b22.jpg', 'http://bmg.com/b22.jpg', '加载中', 69, 69, 1000, '力推品', 0, 0, '2020-03-02 15:23:30', 0, '2020-03-02 15:23:31'),
	(10970, '婴儿舒适棉袜', '多色(五双装)', 83, 'http://bmg.com/s_img2.jpg', 'http://bmg.com/s_img2.jpg', '加载中', 29, 29, 1000, '最低价', 0, 0, '2020-03-02 15:23:30', 0, '2020-03-02 15:23:31'),
	(10971, '婴儿连体内衣裤', '男女同款', 83, 'http://bmg.com/s_img9.jpg', 'http://bmg.com/s_img9.jpg', '加载中', 89, 89, 1000, '力推品', 0, 0, '2020-03-02 15:23:30', 0, '2020-03-02 15:23:31'),
	(10972, '可爱粉色帽子', '1-2岁适用', 83, 'http://bmg.com/s_img11.jpg', 'http://bmg.com/s_img11.jpg', '加载中', 59, 59, 1000, '力推品', 0, 0, '2020-03-02 15:23:30', 0, '2020-03-02 15:23:31'),
	(10973, '婴儿折叠推车', '红色轻巧时尚', 82, 'http://bmg.com/b23.jpg', 'http://bmg.com/b23.jpg', '加载中', 229, 229, 1000, '力推品', 0, 0, '2020-03-02 15:23:30', 0, '2020-03-02 15:23:31'),
	(10974, '幼儿凉拖鞋夏季', '轻巧舒适', 84, 'http://bmg.com/s_img8.jpg', 'http://bmg.com/s_img8.jpg', '加载中', 79, 79, 1000, '力推品', 0, 0, '2020-03-02 15:23:30', 0, '2020-03-02 15:23:31'),
	(10975, '米洛蓝儿童餐具', '方便安全', 66, 'http://bmg.com/s_img4.jpg', 'http://bmg.com/s_img4.jpg', '加载中', 79, 79, 1000, '力推品', 0, 0, '2020-03-02 15:23:30', 0, '2020-03-02 15:23:31'),
	(10976, '初生儿爬爬服', '柔然可爱粉色', 83, 'http://bmg.com/s_img3.jpg', 'http://bmg.com/s_img3.jpg', '加载中', 79, 79, 1000, '力推品', 0, 0, '2020-03-02 15:23:30', 0, '2020-03-02 15:23:31'),
	(10977, '安儿乐干爽超薄纸尿裤', 'XL码64片装', 107, 'http://bmg.com/g6.png', 'http://bmg.com/g6.png', '商品介绍加载中...', 71, 71, 999, '', 0, 0, '2019-12-18 13:27:13', 0, '2019-12-18 13:27:13'),
	(10978, '亨氏西兰花香菇面', '不含防腐剂', 34, 'http://bmg.com/g4.jpg', 'http://bmg.com/g4.jpg', '商品介绍加载中...', 14, 14, 999, '', 0, 0, '2019-12-18 13:27:13', 0, '2019-12-18 13:27:13'),
	(10979, '亨氏超金健儿优海鱼营养面条', '超金256g', 34, 'http://bmg.com/c1.jpg', 'http://bmg.com/c1.jpg', '商品介绍加载中...', 39, 39, 1000, '', 0, 0, '2019-12-18 13:27:13', 0, '2019-12-18 13:27:13'),
	(10980, '亨氏优加营养西兰花香菇面条', '优加252g', 34, 'http://bmg.com/c2.jpg', 'http://bmg.com/c2.jpg', '商品介绍加载中...', 22, 22, 1000, '', 0, 0, '2019-12-18 13:27:13', 0, '2019-12-18 13:27:13'),
	(10981, '亨氏优加营养胡萝卜面条', '优加252g', 34, 'http://bmg.com/c2.jpg', 'http://bmg.com/c2.jpg', '商品介绍加载中...', 22, 22, 1000, '', 0, 0, '2019-12-18 13:27:13', 0, '2019-12-18 13:27:13'),
	(10982, '亨氏优加营养鸡蛋面条', '优加252g', 34, 'http://bmg.com/c2.jpg', 'http://bmg.com/c2.jpg', '商品介绍加载中...', 22, 22, 1000, '', 0, 0, '2019-12-18 13:27:13', 0, '2019-12-18 13:27:13'),
	(10983, '嘉宝(Gerber )番茄牛肉营养米粉米糊', '番茄牛肉250g', 34, 'http://bmg.com/c3.jpg', 'http://bmg.com/c3.jpg', '商品介绍加载中...', 60, 60, 1000, '', 0, 0, '2019-12-18 13:27:13', 0, '2019-12-18 13:27:13'),
	(10984, '界界乐 儿童乳酸菌饮料', '草莓味95ml*4瓶', 34, 'http://bmg.com/c4.jpg', 'http://bmg.com/c4.jpg', '商品介绍加载中...', 12, 12, 998, '', 0, 0, '2019-12-18 13:27:13', 0, '2019-12-18 13:27:13'),
	(10985, '美国海绵宝宝不添加蔗糖盐米饼原味', '米饼54g原味', 34, 'http://bmg.com/c5.jpg', 'http://bmg.com/c5.jpg', '商品介绍加载中...', 25, 25, 0, '测试', 0, 0, '2019-12-18 13:27:13', 0, '2020-05-29 11:43:32'),
	(10986, '美国进口拉杜蓝乔（La Tourangelle）牛油果油', '孕婴食用油', 34, 'http://bmg.com/c6.jpg', 'http://bmg.com/c6.jpg', '商品介绍加载中...', 128, 128, 1000, '', 0, 0, '2019-12-18 13:27:13', 0, '2019-12-18 13:27:13');
/*!40000 ALTER TABLE `bmg_goods_info` ENABLE KEYS */;


-- 导出  表 baomagou.bmg_index_config 结构
CREATE TABLE IF NOT EXISTS `bmg_index_config` (
  `config_id` bigint NOT NULL AUTO_INCREMENT COMMENT '首页配置项主键id',
  `config_name` varchar(50) NOT NULL DEFAULT '' COMMENT '显示字符(配置搜索时不可为空，其他可为空)',
  `config_type` tinyint NOT NULL DEFAULT '0' COMMENT '1-搜索框热搜 2-搜索下拉框热搜 3-(首页)热销商品 4-(首页)新品上线 5-(首页)为你推荐',
  `goods_id` bigint NOT NULL DEFAULT '0' COMMENT '商品id 默认为0',
  `redirect_url` varchar(100) NOT NULL DEFAULT '##' COMMENT '点击后的跳转地址(默认不跳转)',
  `config_rank` int NOT NULL DEFAULT '0' COMMENT '排序值(字段越大越靠前)',
  `is_deleted` tinyint NOT NULL DEFAULT '0' COMMENT '删除标识字段(0-未删除 1-已删除)',
  `create_time` datetime NOT NULL DEFAULT CURRENT_TIMESTAMP COMMENT '创建时间',
  `create_user` int NOT NULL DEFAULT '0' COMMENT '创建者id',
  `update_time` datetime NOT NULL DEFAULT CURRENT_TIMESTAMP COMMENT '最新修改时间',
  `update_user` int DEFAULT '0' COMMENT '修改者id',
  PRIMARY KEY (`config_id`) USING BTREE
) ENGINE=InnoDB AUTO_INCREMENT=53 DEFAULT CHARSET=utf8 ROW_FORMAT=DYNAMIC COMMENT='首页配置表';

-- 正在导出表  baomagou.bmg_index_config 的数据：~28 rows (大约)
/*!40000 ALTER TABLE `bmg_index_config` DISABLE KEYS */;
INSERT INTO `bmg_index_config` (`config_id`, `config_name`, `config_type`, `goods_id`, `redirect_url`, `config_rank`, `is_deleted`, `create_time`, `create_user`, `update_time`, `update_user`) VALUES
	(25, '惠氏奶粉', 4, 10233, '##', 1, 1, '2020-03-08 21:11:49', 0, '2020-03-08 21:16:46', 0),
	(26, '惠氏奶粉', 5, 10233, '##', 0, 1, '2020-03-08 21:12:24', 0, '2020-03-08 21:16:50', 0),
	(27, '惠氏奶粉', 3, 10233, '##', 0, 1, '2020-03-08 21:12:57', 0, '2020-03-08 21:16:42', 0),
	(28, '新品上线 汇奇宝樂高积木儿童拼装玩具', 4, 10180, '##', 1, 1, '2020-03-14 15:58:30', 0, '2020-03-14 18:53:58', 0),
	(29, '新品上线 飞鹤星飞帆幼儿配方奶粉', 4, 10284, '##', 2, 0, '2020-03-14 16:00:07', 0, '2020-03-14 16:00:07', 0),
	(30, '新品上线 花王纸尿裤', 4, 10916, '##', 3, 0, '2020-03-14 16:00:53', 0, '2020-03-14 16:00:53', 0),
	(31, '新品上线 拉里宝贝儿童羽绒服', 4, 10938, '##', 0, 1, '2020-03-14 16:01:41', 0, '2020-03-14 16:02:36', 0),
	(32, '新品 拉里宝贝儿童羽绒服', 4, 10938, '##', 0, 0, '2020-03-14 16:03:27', 0, '2020-03-14 16:03:27', 0),
	(33, '新品 NIKE耐克男女童婴童鞋', 4, 10955, '##', 4, 0, '2020-03-14 16:04:01', 0, '2020-03-14 16:04:01', 0),
	(34, '神奇绵羊童鞋', 5, 10958, '##', 0, 1, '2020-03-14 16:05:32', 0, '2020-03-14 16:06:08', 0),
	(35, '澳洲爱他美奶粉', 5, 10913, '##', 0, 1, '2020-03-14 16:10:36', 0, '2020-03-14 16:11:07', 0),
	(36, '初生儿爬爬服', 5, 10976, '##', 0, 0, '2020-03-14 18:42:28', 0, '2020-03-14 18:42:28', 0),
	(37, '米洛蓝儿童餐具', 5, 10975, '##', 1, 0, '2020-03-14 18:43:47', 0, '2020-03-14 18:43:47', 0),
	(38, '幼儿凉拖鞋夏季', 5, 10974, '##', 2, 0, '2020-03-14 18:44:10', 0, '2020-03-14 18:44:10', 0),
	(39, '婴儿折叠推车', 5, 10973, '##', 4, 0, '2020-03-14 18:44:31', 0, '2020-03-14 18:44:31', 0),
	(40, '可爱粉色帽子', 5, 10972, '##', 3, 0, '2020-03-14 18:44:47', 0, '2020-03-14 18:44:47', 0),
	(41, '婴儿连体内衣裤', 5, 10971, '##', 5, 0, '2020-03-14 18:45:04', 0, '2020-03-14 18:45:04', 0),
	(42, '婴儿舒适棉袜', 5, 10970, '##', 6, 0, '2020-03-14 18:45:18', 0, '2020-03-14 18:45:18', 0),
	(43, '新款仿真四轮玩具车工程车挖掘机', 5, 10969, '##', 2, 0, '2020-03-14 18:45:38', 0, '2020-03-14 18:45:38', 0),
	(44, '贝亲硅胶奶嘴', 5, 10968, '##', 3, 0, '2020-03-14 18:45:58', 0, '2020-03-14 18:45:58', 0),
	(45, '贝亲玻璃奶瓶', 5, 10967, '##', 0, 0, '2020-03-14 18:46:19', 0, '2020-03-14 18:46:19', 0),
	(46, '婴儿绘本宝宝图书', 5, 10966, '##', 8, 1, '2020-03-14 18:46:50', 0, '2020-03-14 18:51:46', 0),
	(47, '硅胶奶嘴', 4, 10968, '##', 6, 1, '2020-03-14 18:53:27', 0, '2020-03-14 18:53:58', 0),
	(48, '花王纸尿裤', 3, 10935, '##', 10, 1, '2020-03-14 19:01:41', 0, '2020-03-14 19:08:26', 0),
	(49, '热销 雀巢奶粉', 3, 10904, '##', 5, 0, '2020-03-14 19:02:13', 0, '2020-03-14 19:02:13', 0),
	(50, '热销 米米智玩', 3, 10895, '##', 0, 0, '2020-03-14 19:08:51', 0, '2020-03-14 19:08:51', 0),
	(51, '热销 亨氏西兰花香菇面', 3, 10978, '##', 1, 0, '2020-03-14 19:09:19', 0, '2020-03-14 19:09:19', 0),
	(52, '热销 安儿乐干爽超薄纸尿裤', 3, 10977, '##', 3, 0, '2020-03-14 19:10:04', 0, '2020-03-14 19:10:04', 0);
/*!40000 ALTER TABLE `bmg_index_config` ENABLE KEYS */;


-- 导出  表 baomagou.bmg_order 结构
CREATE TABLE IF NOT EXISTS `bmg_order` (
  `order_id` bigint NOT NULL AUTO_INCREMENT COMMENT '订单表主键id',
  `order_no` varchar(20) NOT NULL DEFAULT '' COMMENT '订单号',
  `user_id` bigint NOT NULL DEFAULT '0' COMMENT '用户主键id',
  `total_price` int NOT NULL DEFAULT '1' COMMENT '订单总价',
  `pay_status` tinyint NOT NULL DEFAULT '0' COMMENT '支付状态:0.未支付,1.支付成功,-1:支付失败',
  `pay_type` tinyint NOT NULL DEFAULT '0' COMMENT '0.无 1.支付宝支付 2.微信支付',
  `pay_time` datetime DEFAULT NULL COMMENT '支付时间',
  `order_status` tinyint NOT NULL DEFAULT '0' COMMENT '订单状态:0.待支付 1.已支付 2.配货完成 3:出库成功 4.交易成功 -1.手动关闭 -2.超时关闭 -3.商家关闭',
  `extra_info` varchar(100) NOT NULL DEFAULT '' COMMENT '订单body',
  `user_name` varchar(30) NOT NULL DEFAULT '' COMMENT '收货人姓名',
  `user_phone` varchar(11) NOT NULL DEFAULT '' COMMENT '收货人手机号',
  `user_address` varchar(100) NOT NULL DEFAULT '' COMMENT '收货人收货地址',
  `is_deleted` tinyint NOT NULL DEFAULT '0' COMMENT '删除标识字段(0-未删除 1-已删除)',
  `create_time` datetime NOT NULL DEFAULT CURRENT_TIMESTAMP COMMENT '创建时间',
  `update_time` datetime NOT NULL DEFAULT CURRENT_TIMESTAMP COMMENT '最新修改时间',
  PRIMARY KEY (`order_id`) USING BTREE
) ENGINE=InnoDB AUTO_INCREMENT=35 DEFAULT CHARSET=utf8 ROW_FORMAT=DYNAMIC COMMENT='订单表';

-- 正在导出表  baomagou.bmg_order 的数据：~11 rows (大约)
/*!40000 ALTER TABLE `bmg_order` DISABLE KEYS */;
INSERT INTO `bmg_order` (`order_id`, `order_no`, `user_id`, `total_price`, `pay_status`, `pay_type`, `pay_time`, `order_status`, `extra_info`, `user_name`, `user_phone`, `user_address`, `is_deleted`, `create_time`, `update_time`) VALUES
	(24, '15831362968781335', 9, 29, 1, 2, '2020-03-02 16:05:06', 3, '', '', '', '黑龙江省哈尔滨市详细信息', 0, '2020-03-02 16:04:56', '2020-03-14 15:48:06'),
	(25, '15836733050186844', 9, 179, 1, 1, '2020-03-08 21:15:14', 1, '', '', '', '黑龙江省哈尔滨市详细信息', 0, '2020-03-08 21:15:05', '2020-03-08 21:15:14'),
	(26, '15838477597594819', 10, 348, 0, 0, NULL, -3, '', '', '', '黑龙江省哈尔滨市新校区', 0, '2020-03-10 21:42:39', '2020-05-08 16:31:16'),
	(27, '15839807421616110', 10, 69, 0, 0, NULL, 0, '', '', '', '黑龙江省哈尔滨市新校区', 0, '2020-03-12 10:39:02', '2020-03-12 10:39:02'),
	(28, '15841719261243878', 10, 255, 1, 2, '2020-03-14 15:45:45', 4, '', '', '', '黑龙江省哈尔滨市新校区', 0, '2020-03-14 15:45:26', '2020-03-14 15:48:40'),
	(29, '15874553209412901', 10, 71, 1, 2, '2020-04-21 15:49:42', 1, '', '', '', '黑龙江省哈尔滨市新校区', 0, '2020-04-21 15:48:40', '2020-04-21 15:49:42'),
	(30, '15889265147211897', 11, 24, 1, 2, '2020-05-08 16:29:19', 2, '', '', '', '北京市丰台区13号楼1101', 0, '2020-05-08 16:28:34', '2020-05-08 16:31:27'),
	(31, '15906742344488770', 10, 252, 1, 2, '2020-05-28 21:57:51', 2, '', '', '', '黑龙江省哈尔滨市新校区', 0, '2020-05-28 21:57:14', '2020-05-28 22:05:30'),
	(32, '15907231512293358', 10, 174, 1, 2, '2020-05-29 11:33:23', 1, '', '', '', '黑龙江省哈尔滨市新校区', 0, '2020-05-29 11:32:31', '2020-05-29 11:33:23'),
	(33, '15907236823855461', 10, 25, 1, 1, '2020-05-29 11:41:31', 1, '', '', '', '黑龙江省哈尔滨市新校区', 0, '2020-05-29 11:41:22', '2020-05-29 11:41:31'),
	(34, '15907238780994920', 10, 75, 1, 2, '2020-05-29 11:44:50', 2, '', '', '', '黑龙江省哈尔滨市新校区', 0, '2020-05-29 11:44:38', '2020-05-29 11:45:55');
/*!40000 ALTER TABLE `bmg_order` ENABLE KEYS */;


-- 导出  表 baomagou.bmg_order_item 结构
CREATE TABLE IF NOT EXISTS `bmg_order_item` (
  `order_item_id` bigint NOT NULL AUTO_INCREMENT COMMENT '订单关联购物项主键id',
  `order_id` bigint NOT NULL DEFAULT '0' COMMENT '订单主键id',
  `goods_id` bigint NOT NULL DEFAULT '0' COMMENT '关联商品id',
  `goods_name` varchar(200) NOT NULL DEFAULT '' COMMENT '下单时商品的名称(订单快照)',
  `goods_cover_img` varchar(200) NOT NULL DEFAULT '' COMMENT '下单时商品的主图(订单快照)',
  `selling_price` int NOT NULL DEFAULT '1' COMMENT '下单时商品的价格(订单快照)',
  `goods_count` int NOT NULL DEFAULT '1' COMMENT '数量(订单快照)',
  `create_time` datetime NOT NULL DEFAULT CURRENT_TIMESTAMP COMMENT '创建时间',
  PRIMARY KEY (`order_item_id`) USING BTREE
) ENGINE=InnoDB AUTO_INCREMENT=50 DEFAULT CHARSET=utf8 ROW_FORMAT=DYNAMIC COMMENT='订单详情表';

-- 正在导出表  baomagou.bmg_order_item 的数据：~12 rows (大约)
/*!40000 ALTER TABLE `bmg_order_item` DISABLE KEYS */;
INSERT INTO `bmg_order_item` (`order_item_id`, `order_id`, `goods_id`, `goods_name`, `goods_cover_img`, `selling_price`, `goods_count`, `create_time`) VALUES
	(38, 24, 10894, '米米智玩 立体尾巴布书早教婴儿撕不烂6-12个月宝宝益智...', 'http://bmg.com/g11.jpg', 29, 1, '2020-03-02 16:04:56'),
	(39, 25, 10233, '惠氏illuma启赋婴儿配方奶粉', 'http://bmg.com/g23.jpg', 179, 1, '2020-03-08 21:15:05'),
	(40, 26, 10284, '飞鹤(FIRMUS) 星飞帆 幼儿配方奶粉 3段（12-...', 'http://bmg.com/g9.jpg', 174, 2, '2020-03-10 21:42:39'),
	(41, 27, 10916, '花王 MERRIES 特大号婴儿拉拉裤 XXL号 XXL...', 'http://bmg.com/b4.jpg', 69, 1, '2020-03-12 10:39:02'),
	(42, 28, 10940, '拉里宝贝Lioniebaby童装2019秋冬新品儿童轻薄...', 'http://bmg.com/b9.jpg', 255, 1, '2020-03-14 15:45:26'),
	(43, 29, 10977, '安儿乐干爽超薄纸尿裤', 'http://bmg.com/g6.png', 71, 1, '2020-04-21 15:48:40'),
	(44, 30, 10984, '界界乐 儿童乳酸菌饮料', 'http://bmg.com/c4.jpg', 12, 2, '2020-05-08 16:28:34'),
	(45, 31, 10904, '大S同款雀巢超启能恩3段婴幼儿配方奶粉800克（12-3...', 'http://bmg.com/g13.jpg', 238, 1, '2020-05-28 21:57:14'),
	(46, 31, 10978, '亨氏西兰花香菇面', 'http://bmg.com/g4.jpg', 14, 1, '2020-05-28 21:57:14'),
	(47, 32, 10284, '飞鹤(FIRMUS) 星飞帆 幼儿配方奶粉 3段（12-...', 'http://bmg.com/g9.jpg', 174, 1, '2020-05-29 11:32:31'),
	(48, 33, 10985, '美国海绵宝宝不添加蔗糖盐米饼原味', 'http://bmg.com/c5.jpg', 25, 1, '2020-05-29 11:41:22'),
	(49, 34, 10985, '美国海绵宝宝不添加蔗糖盐米饼原味', 'http://bmg.com/c5.jpg', 25, 3, '2020-05-29 11:44:38');
/*!40000 ALTER TABLE `bmg_order_item` ENABLE KEYS */;


-- 导出  表 baomagou.bmg_shopping_cart_item 结构
CREATE TABLE IF NOT EXISTS `bmg_shopping_cart_item` (
  `cart_item_id` bigint NOT NULL AUTO_INCREMENT COMMENT '购物项主键id',
  `user_id` bigint NOT NULL COMMENT '用户主键id',
  `goods_id` bigint NOT NULL DEFAULT '0' COMMENT '关联商品id',
  `goods_count` int NOT NULL DEFAULT '1' COMMENT '数量(最大为5)',
  `is_deleted` tinyint NOT NULL DEFAULT '0' COMMENT '删除标识字段(0-未删除 1-已删除)',
  `create_time` datetime NOT NULL DEFAULT CURRENT_TIMESTAMP COMMENT '创建时间',
  `update_time` datetime NOT NULL DEFAULT CURRENT_TIMESTAMP COMMENT '最新修改时间',
  PRIMARY KEY (`cart_item_id`) USING BTREE
) ENGINE=InnoDB AUTO_INCREMENT=102 DEFAULT CHARSET=utf8 ROW_FORMAT=DYNAMIC COMMENT='购物车表';

-- 正在导出表  baomagou.bmg_shopping_cart_item 的数据：~33 rows (大约)
/*!40000 ALTER TABLE `bmg_shopping_cart_item` DISABLE KEYS */;
INSERT INTO `bmg_shopping_cart_item` (`cart_item_id`, `user_id`, `goods_id`, `goods_count`, `is_deleted`, `create_time`, `update_time`) VALUES
	(69, 9, 10893, 1, 1, '2020-03-01 15:50:45', '2020-03-01 15:52:49'),
	(70, 9, 10893, 1, 1, '2020-03-01 16:02:49', '2020-03-01 16:02:49'),
	(71, 9, 10320, 1, 1, '2020-03-01 20:22:14', '2020-03-01 20:22:14'),
	(72, 9, 10195, 1, 1, '2020-03-02 13:49:35', '2020-03-02 13:49:35'),
	(73, 9, 10894, 1, 1, '2020-03-02 16:04:44', '2020-03-02 16:04:44'),
	(74, 9, 10233, 1, 1, '2020-03-08 21:14:17', '2020-03-08 21:14:28'),
	(75, 9, 10237, 3, 1, '2020-03-08 21:33:35', '2020-03-08 21:34:09'),
	(76, 9, 10284, 1, 1, '2020-03-08 21:33:56', '2020-03-08 21:33:56'),
	(77, 10, 10284, 2, 1, '2020-03-10 19:16:00', '2020-03-10 21:38:24'),
	(78, 10, 10285, 1, 1, '2020-03-10 22:12:25', '2020-03-10 22:12:25'),
	(79, 10, 10916, 1, 1, '2020-03-12 10:38:49', '2020-03-12 10:38:49'),
	(80, 10, 10284, 1, 1, '2020-03-14 15:44:10', '2020-03-14 15:44:10'),
	(81, 10, 10940, 1, 1, '2020-03-14 15:44:40', '2020-03-14 15:44:40'),
	(82, 10, 10928, 1, 1, '2020-03-14 19:41:37', '2020-03-14 19:41:37'),
	(83, 10, 10977, 1, 1, '2020-04-21 15:47:11', '2020-04-21 15:47:11'),
	(84, 9, 10904, 1, 1, '2020-05-08 15:53:51', '2020-05-08 15:53:56'),
	(85, 9, 10980, 1, 1, '2020-05-08 15:56:05', '2020-05-08 15:56:11'),
	(86, 9, 10895, 1, 1, '2020-05-08 15:56:20', '2020-05-08 15:56:20'),
	(87, 9, 10977, 1, 1, '2020-05-08 15:56:44', '2020-05-08 15:56:44'),
	(88, 9, 10237, 1, 1, '2020-05-08 15:56:56', '2020-05-08 15:56:56'),
	(89, 9, 10968, 4, 1, '2020-05-08 15:57:47', '2020-05-08 15:58:13'),
	(90, 10, 10904, 1, 1, '2020-05-08 16:15:31', '2020-05-08 16:15:31'),
	(91, 11, 10984, 2, 1, '2020-05-08 16:25:07', '2020-05-08 16:28:21'),
	(92, 11, 10971, 1, 1, '2020-05-08 16:25:22', '2020-05-08 16:25:25'),
	(93, 11, 10972, 1, 1, '2020-05-08 16:25:44', '2020-05-08 16:25:48'),
	(94, 11, 10984, 1, 1, '2020-05-08 16:29:34', '2020-05-08 16:29:34'),
	(95, 10, 10955, 1, 1, '2020-05-11 10:07:54', '2020-05-11 10:11:55'),
	(96, 10, 10904, 1, 1, '2020-05-28 21:56:43', '2020-05-28 21:56:43'),
	(97, 10, 10978, 1, 1, '2020-05-28 21:56:50', '2020-05-28 21:56:50'),
	(98, 10, 10978, 2, 1, '2020-05-29 11:31:08', '2020-05-29 11:31:42'),
	(99, 10, 10284, 1, 1, '2020-05-29 11:31:35', '2020-05-29 11:31:35'),
	(100, 10, 10985, 1, 1, '2020-05-29 11:41:15', '2020-05-29 11:41:15'),
	(101, 10, 10985, 3, 1, '2020-05-29 11:42:30', '2020-05-29 11:44:32');
/*!40000 ALTER TABLE `bmg_shopping_cart_item` ENABLE KEYS */;


-- 导出  表 baomagou.bmg_user 结构
CREATE TABLE IF NOT EXISTS `bmg_user` (
  `user_id` bigint NOT NULL AUTO_INCREMENT COMMENT '用户主键id',
  `nick_name` varchar(50) NOT NULL DEFAULT '' COMMENT '用户昵称',
  `login_name` varchar(11) NOT NULL DEFAULT '' COMMENT '登陆名称(默认为手机号)',
  `password_md5` varchar(32) NOT NULL DEFAULT '' COMMENT 'MD5加密后的密码',
  `introduce_sign` varchar(100) NOT NULL DEFAULT '' COMMENT '个性签名',
  `address` varchar(100) NOT NULL DEFAULT '' COMMENT '收货地址',
  `is_deleted` tinyint NOT NULL DEFAULT '0' COMMENT '注销标识字段(0-正常 1-已注销)',
  `locked_flag` tinyint NOT NULL DEFAULT '0' COMMENT '锁定标识字段(0-未锁定 1-已锁定)',
  `create_time` datetime NOT NULL DEFAULT CURRENT_TIMESTAMP COMMENT '注册时间',
  PRIMARY KEY (`user_id`) USING BTREE
) ENGINE=InnoDB AUTO_INCREMENT=12 DEFAULT CHARSET=utf8 ROW_FORMAT=DYNAMIC COMMENT='用户表';

-- 正在导出表  baomagou.bmg_user 的数据：~3 rows (大约)
/*!40000 ALTER TABLE `bmg_user` DISABLE KEYS */;
INSERT INTO `bmg_user` (`user_id`, `nick_name`, `login_name`, `password_md5`, `introduce_sign`, `address`, `is_deleted`, `locked_flag`, `create_time`) VALUES
	(9, '哈哈', '16648955536', 'e10adc3949ba59abbe56e057f20f883e', '生生世世', '黑龙江省哈尔滨市详细信息', 0, 0, '2020-03-01 15:48:56'),
	(10, '小红', '13766770601', '96e79218965eb72c92a549dd5a330112', '哈哈哈哈哈哈', '黑龙江省哈尔滨市新校区', 0, 0, '2020-03-10 19:15:21'),
	(11, '美女测试', '18814664925', '96e79218965eb72c92a549dd5a330112', '哈哈哈哈哈哈哈', '北京市丰台区13号楼1101', 0, 0, '2020-05-08 16:18:08');
/*!40000 ALTER TABLE `bmg_user` ENABLE KEYS */;
/*!40101 SET SQL_MODE=IFNULL(@OLD_SQL_MODE, '') */;
/*!40014 SET FOREIGN_KEY_CHECKS=IF(@OLD_FOREIGN_KEY_CHECKS IS NULL, 1, @OLD_FOREIGN_KEY_CHECKS) */;
/*!40101 SET CHARACTER_SET_CLIENT=@OLD_CHARACTER_SET_CLIENT */;
